English words/sentences,French words/sentences
Take a seat.,Prends place !
I wish Tom was here.,J'aimerais que Tom soit là.
How did the audition go?,Comment s'est passée l'audition ?
I've no friend to talk to about my problems.,Je n'ai pas d'ami avec lequel je puisse m'entretenir de mes problèmes.
I really like this skirt. Can I try it on?,"J'aime beaucoup cette jupe, puis-je l'essayer ?"
What happened to him?,Que lui est-il arrivé ?
Take any two cards you like.,Prends deux cartes de ton choix.
I'm not scared to die.,Je ne crains pas de mourir.
The clock has stopped.,L'horloge s'est arrêtée.
You'd better make sure that it is true.,Tu ferais bien de t'assurer que c'est vrai.
My father believed that anyone who could not make a living in Japan was lazy.,Mon père pensait que celui qui ne pouvait gagner sa vie au Japon était un paresseux.
"Let me finish, OK?",Laissez-moi terminer ! D'accord ?
Everybody tasted the food.,Tout le monde goûta la nourriture.
I'm not good enough for you.,Je ne suis pas assez bon pour toi.
I figured that you'd be impressed.,Je pensais que tu serais impressionnée.
This place was bombed during the war.,Cet endroit a été bombardé pendant la guerre.
No one in my family can do that.,"Dans ma famille, personne n'est capable de faire ça."
You're the one who trained me.,Tu es celui qui m'a entraînée.
Goodbye!,Adieu !
He traveled by boat.,Il voyagea par bateau.
You put in too much pepper.,Tu as mis trop de poivre.
I've told you a million times not to exaggerate.,Je t'ai dit un million de fois de ne pas exagérer.
Respect yourself and you will be respected.,Respectez-vous et vous serez respecté.
I need water.,Il me faut de l'eau.
I reconsidered your offer.,J'ai réévalué votre proposition.
Rabbits can swim.,Les lapins savent nager.
It's my book.,C'est mon livre.
I think Beethoven is the greatest composer who ever lived.,Je pense que Beethoven est le plus grand compositeur qui ait jamais vécu.
Can I ask why this is so important to you?,Puis-je demander pourquoi cela t'importe autant ?
The neighbors will call the police if you don't turn the music down.,Les voisins appelleront la police si vous ne baissez pas la musique.
I ate half the apple before I noticed there was a worm in it.,J'ai mangé la moitié de la pomme avant de m'apercevoir qu'elle contenait un ver.
I can give you some useful information.,Je peux vous donner des informations utiles.
We're doing the wrong thing.,Nous faisons une erreur.
I appreciate the gesture.,J'apprécie le geste.
I locked the front door.,J'ai verrouillé la porte de devant.
Are you having fun?,Passez-vous du bon temps ?
I'll handle it.,Je m'en débrouillerai.
The post office is just past the bank.,Le bureau de poste est juste après la banque.
I don't know why it happened.,Je ne sais pas pourquoi c'est arrivé.
You're just the person I want to speak to.,Tu es précisément la personne à laquelle je veux parler.
Where did you hear this?,Où avez-vous entendu ceci ?
How does it feel?,Qu'est-ce que ça fait ?
I wouldn't do that to anybody.,Je ne ferais cela à personne.
I think this guy is not joking around.,Je pense que ce gars ne plaisante pas.
I wish to be alone for a couple of hours.,Je souhaite être seul pour quelques heures.
I suppose I felt a little jealous.,Je pense que je suis un peu jaloux.
The dog was dying.,Le chien était en train de mourir.
Tom is a sound engineer.,Tom est ingénieur du son.
I was told to do that again.,On m'a dit de le recommencer.
There's been a terrible mistake.,Il y a eu une terrible erreur.
A century is one hundred years.,Un siècle fait cent années.
Do you consider them dangerous?,Les considères-tu dangereux ?
This applies to your case as well.,Cela s'applique aussi à vous.
She avoided answering my questions.,Elle a évité de répondre à mes questions.
How did you think it would go?,Comment pensiez-vous qu'il en irait ?
Didn't I tell you to close the door?,Ne t'ai-je pas dit de fermer la porte ?
I can't tell you how happy I am that you've come to visit us.,Je ne peux pas vous dire combien je suis heureuse que vous soyez venues nous rendre visite.
The statue has no head.,La statue n'a pas de tête.
You're resilient.,Vous êtes endurante.
Let's go somewhere quiet so we can talk.,"Allons dans quelque endroit tranquille, afin de pouvoir discuter."
Can I get you a cup of tea?,Vous voulez une tasse de thé ?
I don't know where my keys are.,J'ignore où sont mes clés.
She advised him to see a lawyer.,Elle lui a conseillé de voir un avocat.
You don't know what that means to me.,Vous ignorez ce que cela signifie pour moi.
I hid it somewhere.,Je l'ai caché quelque part.
You're a victim of the system.,Vous êtes une victime du système.
Always keep your workplace organized.,Garde toujours ton espace de travail en ordre.
This is obviously false.,C'est évidemment faux.
Tom should be here any minute.,Tom sera ici d'une minute à l'autre.
Do you prefer tea or coffee?,Préférez-vous le thé ou le café ?
You aren't smiling.,Tu ne souris pas.
"With a little more effort, he would have succeeded.","En faisant un peu plus d'effort, il aurait réussi."
She isn't old enough to get a driving license.,Elle n'est pas assez grande pour obtenir son permis de conduire.
Men and women need each other.,Les hommes et les femmes ont besoin les uns des autres.
Tom was my first real boyfriend.,Tom fut mon premier vrai petit ami.
Tom has only one leg.,Tom n'a qu'une jambe.
You can trust him. He'll never betray you.,Tu peux lui faire confiance. Il ne te trahira jamais.
These are the originals.,Voici les originaux.
I wonder whether Tom will go to Boston or Chicago next summer.,Je me demande si Tom ira à Boston ou à Chicago l'été prochain.
They are arguing.,Ils sont en train de se disputer.
I don't like Chinese food at all.,Je n'aime pas du tout la cuisine chinoise.
You have to promise not to tell anyone.,Tu dois promettre de ne le dire à personne.
It's ideal weather for a picnic.,Le temps est idéal pour un pique-nique.
I saw Tom kissing another girl.,Je vis Tom embrasser une autre fille.
That can't be good for you.,Ça ne peut pas être bon pour vous.
The train arrived on time.,Le train arriva à l'heure.
"Tom is a good friend of yours, isn't he?","Tom est un bon ami à toi, n'est-ce pas ?"
I moved here last October.,J'ai déménagé ici en octobre dernier.
I have doubts about the success of their plan.,J'ai des doutes sur la réussite de leur plan.
He missed the deadline.,Il a loupé la date limite.
Stop arguing.,Arrête de te quereller !
I never visit my sister.,Je ne rends jamais visite à ma sœur.
"As soon as I can get the chance, I'll send you some money.","Dès que je peux avoir l'occasion, je vous enverrai de l'argent."
The trees are beginning to bud.,Les arbres commencent à bourgeonner.
We know where you were.,Nous savons où vous étiez.
Tom hid under the bed with the cat.,Tom s'est caché sous le lit avec le chat.
I heard everything you said.,J'ai entendu tout ce que vous avez dit.
How long do we have to do this?,Combien de temps devons-nous faire ça ?
Are you sure we can't repair this camera?,Es-tu certain que nous ne pouvons pas réparer cet appareil photo ?
Always be smarter than people who hire you.,Sois toujours plus malin que les gens qui t'embauchent.
Don't make me answer that question.,Ne me force pas à répondre à cette question !
Tom didn't even tell me.,Tom ne me l'a même pas dit.
Aren't you going to Tom's party?,Tu ne vas pas à la soirée de Tom ?
Let's take a look at the facts.,Jetons un coup d’œil sur les faits.
Some of these young people have legs twice as long as mine.,Certains de ces jeunes gens ont des jambes deux fois plus longues que les miennes.
I haven't had a barbecue for a long time.,Je n'ai pas mangé de barbecue depuis longtemps.
I know someone's here.,Je sais quelqu'un est ici.
The child is suffering from the heat.,La gosse souffre de la chaleur.
Is this correct?,Est-ce exact ?
Did you put it somewhere?,L'as-tu mis quelque part ?
Where's the pharmacy?,Où se situe la pharmacie ?
He touched my shoulder.,Il m'a touché l'épaule.
Do you spend a lot of time with your friends?,Passes-tu beaucoup de temps avec tes amis ?
It was an act of courage.,Ce fut un acte de courage.
I'm not in the mood.,Je ne suis pas d'humeur.
I don't like being interrogated.,Je n'aime pas faire l'objet d'un interrogatoire.
You should do that while you still can.,Vous devriez faire ça pendant que vous le pouvez encore.
You're diplomatic.,Tu as de la diplomatie.
I can't hide out forever.,Je ne peux pas éternellement me cacher.
He loves me for who I am.,Il m'aime pour ce que je suis.
My wisdom teeth are coming in.,Mes dents de sagesse poussent.
I was there.,Je m'y trouvais.
Tom got himself another beer.,Tom s'est pris une autre bière.
Right now I can't think of anything else.,"Actuellement, je n'arrive à penser à rien d'autre."
Do you have the money?,Avez-vous l'argent ?
No one was there.,Personne n'était là.
Are you a student?,Êtes-vous étudiant ?
You've risked enough.,Vous avez pris suffisamment de risques.
Tom agrees.,Tom est d'accord.
All the girls love Tom.,Toutes les filles aiment Tom.
Are you close to your family?,Êtes-vous proches de votre famille ?
"I'd like you to meet my brother, Tom.","J'aimerais que vous rencontriez mon frère, Tom."
You look so beautiful.,Vous avez l'air si belles.
We're going to raise our prices.,Nous allons augmenter nos prix.
Can you narrow that down a little?,Tu peux être un peu plus précis?
Please turn off the radio.,Éteins la radio s'il te plait.
He crushed the sheet of paper up into a ball.,Il chiffonna la feuille de papier en une boule.
What is your decision?,Quelle est ta décision ?
Life is more interesting than any book.,La vie est plus intéressante que n'importe quel livre.
"Can I drive, please?","Puis-je conduire, je te prie ?"
I am glad to see her.,Je suis contente de la voir.
"I've never told anyone that before, not even my mother.","Je n'ai jamais dit cela à quiconque auparavant, pas même à ma mère."
Tom couldn't tell Mary what he'd seen.,Tom ne pouvait pas dire à Mary ce qu'il avait vu.
The ice is very thick.,La glace est très épaisse.
Tom took off his belt.,Tom a retiré sa ceinture.
Everyone in his family is tall.,Tous les membres de sa famille sont grands.
He rarely gives up.,Il abandonne rarement.
I don't know if I'm staying yet.,Je ne sais pas encore si je reste.
Don't forget that.,N'oubliez pas cela.
It was in the basement.,C'était au sous-sol.
I tried to do all I could.,J'ai tenté de faire tout ce que je pouvais.
I've been working since I was thirteen.,Je travaille depuis l'âge de treize ans.
It's time to go.,Il est temps d'y aller.
He missed the train by one minute.,Il a manqué le train d'une minute.
This is very useful.,C'est très utile.
Please trust me.,"Croyez-moi, s'il vous plaît."
Who gave you this envelope?,Qui t'a donné cette enveloppe ?
I want to be more than friends.,Je veux être davantage qu'une amie.
She was advised by him to be punctual.,Il lui a conseillé d'être ponctuelle.
That must've hurt.,Ça a dû faire mal.
Where is the police station?,Où se trouve le poste de police ?
Are they speaking French?,Parlent-ils français ?
Don't you ever clean your room?,Ne nettoies-tu jamais ta chambre ?
I'll pay you a visit sometime.,Je te rendrai visite un de ces quatre.
Computers save us a lot of time and trouble.,L'ordinateur nous épargne du temps et des problèmes.
Put the question in writing.,Écrivez la question.
I told everyone to be careful.,J'ai dit à tout le monde de faire attention.
How much time does the average teenager watch TV every day?,Combien de temps l'adolescent moyen passe-t-il à regarder la télé chaque jour ?
Don't touch my stuff.,Ne touche pas à mes trucs !
You've made Tom cry.,Tu as fait pleurer Tom.
I looked at the calendar on the wall.,J'ai regardé le calendrier au mur.
She was indignant when I said she was lying.,Elle était indignée quand j'ai dit qu'elle mentait.
Where are the car keys?,Où sont les clés de voiture ?
Go now.,Vas-y maintenant.
When will you leave?,Quand partirez-vous ?
I would like a cup of coffee.,Je voudrais une tasse de café.
Something is odd here.,Il y a quelque chose de bizarre ici.
Tom didn't have the courage to disobey Mary.,Tom n'avait pas le courage de désobéir à Mary.
He's not as tall as you are.,Il n'est pas aussi grand que toi.
It's a matter of survival.,C'est une question de survie.
I may die tomorrow.,Je mourrai peut-être demain.
Do you want me to leave the light on?,Voulez-vous que je laisse la lumière ?
How is the weather?,Comment est le temps ?
I'm taking an exam in January.,Je passe un examen en janvier.
You should allow an hour to get to the airport.,Tu devrais prévoir une heure pour atteindre l'aéroport.
We know the baker.,Nous connaissons le boulanger.
You'd better go.,Il vaut mieux que tu y ailles.
"Personally, I think you're right.","Personnellement, je pense que tu as raison."
I'll wait.,J'attendrai.
You can't carry on like this.,Tu ne peux pas continuer ainsi.
He boarded the ship.,Il monta à bord du bateau.
Tom's horse bit him.,Le cheval de Tom l'a mordu.
I think that we should do that again.,Je pense que nous devrions refaire ça.
Does anybody hear me?,Qui que ce soit m'entend-il ?
I'm downloading the pictures now.,Je suis en train de télécharger les photos.
I feel bad for them.,Je compatis avec eux.
I've never stopped loving you.,Je n'ai jamais cessé de vous aimer.
Tom seems to be an honest person.,Tom semble être une personne honnête.
Don't look so sad.,N'ayez pas l'air si triste !
He left a minute ago.,Il est parti il y a une minute.
I thought he was here.,Je pensais qu'il était là.
She asked us several questions.,Elle nous a posé plusieurs questions.
Don't you walk out on me.,Ne me laisse pas tomber.
Thank you for listening to my presentation.,Merci d'avoir écouté ma présentation.
Thank you again for your help.,Merci encore de votre aide.
Will you turn on the television?,Peux-tu me faire le plaisir d'allumer la télé ?
Don't touch me.,Ne me touchez pas !
Four is an unlucky number in Japanese.,Quatre est un nombre porte malheur au Japon.
They are negotiating to reach a satisfactory compromise.,Ils sont en train de négocier pour arriver à un compromis satisfaisant.
I know Tom is a gardener.,Je sais que Tom est jardinier.
No explanation is needed.,Ça se passe d'explications.
Would you mind lending me your pen?,Pourrais-tu me prêter ton stylo?
Be ruthless.,Soyez impitoyables !
He's rough around the edges.,Il est un peu rude aux encoignures.
The milk is in the fridge.,Le lait est dans le réfrigérateur.
She cooked some fish for me.,Elle m'a cuisiné du poisson.
How are you taking it?,Comment le prenez-vous ?
The windows were already open when I got here.,Les fenêtres étaient déjà ouvertes quand je suis arrivé ici.
"In our society, there are both honorable people and swindlers.",Notre société se compose de gens honorables et d'escrocs.
"If there's anything you want to do, you should do it.","S'il y a quoi que ce soit que vous veuillez faire, vous devriez le faire."
You should not go alone.,Tu ne devrais pas t'y rendre seul.
We have to stop.,Nous devons arrêter.
I know where they're taking Tom.,Je sais où ils emmènent Tom.
Nobody knows the future.,Nul ne connaît l'avenir.
They died in battle.,Ils moururent sur le champ de bataille.
I still think about her from time to time.,Je pense encore à elle de temps à autre.
I don't like to inhale someone's smoke while I'm working.,Je n'aime pas inhaler la fumée de quelqu'un pendant que je travaille.
We have enough supplies to last three months.,Nous avons assez de provisions pour tenir trois mois.
We don't know what they want to use it for.,Nous ignorons à quel usage elles le destinent.
I'd like to change some money.,J'aimerais changer de l'argent.
I want you to understand this isn't going to be easy.,Je veux que vous compreniez que ça ne va pas être aisé.
You must be joking!,Tu parles !
Tom and Mary arrived in Boston at the same time.,Tom et Mary sont arrivés à Boston en même temps.
Did you get a good look at his face?,Avez-vous bien vu son visage ?
Go ahead.,Poursuis !
Don't you ever knock before you enter a room?,Ne frappez-vous jamais avant d'entrer dans une chambre ?
You should be a writer.,Vous devriez être écrivain.
I lost my key somewhere around here.,J'ai perdu ma clé quelque part autour d'ici.
Leave the bottle.,Laisse la bouteille.
I went there today.,J'y suis allée aujourd'hui.
She does nothing but complain.,Elle ne fait rien d'autre que se plaindre.
Both of you are wrong.,Vous avez toutes deux tort.
This is the lover's lane.,C'est la ruelle aux amoureux.
Are you looking for work?,Cherches-tu du travail ?
He is the tallest of all boys.,C'est le plus grand de tous les garçons.
Please let us know.,"Fais-le nous savoir, je te prie !"
I cannot describe my feelings.,Je ne peux pas décrire mes sentiments.
She taught me how to swim.,Elle m'a appris à nager.
"I hate to interrupt, but I need to say something.",Il me peine de vous interrompre mais il me faut dire quelque chose.
"If it rains, we will go to the art museum.","S'il pleut, on ira au musée d'art."
Tom said he didn't like chocolate ice cream.,Tom a dit qu'il n'aimait pas la glace au chocolat.
Tom didn't really understand.,Tom n'a pas vraiment compris.
Look into the box.,Regarde dans la boîte.
"Bell lived in London, right?","Bell a vécu à Londres, n'est-ce pas ?"
Wake me up at eight.,Réveillez-moi à huit heures.
Some companies guarantee their workers a job for life.,"Dans certaines sociétés, les employés peuvent avoir un travail garanti à vie."
"If I had time, I'd accept his invitation.","Si j'avais le temps, j'accepterais son invitation."
Do you think your parents spent enough time with you when you were in your teens?,Pensez-vous que vos parents ont passé suffisamment de temps avec vous lorsque vous étiez adolescents ?
He instantly fell in love with her.,Il est instantanément tombé amoureux d'elle.
I think that I understand what Tom's trying to say.,Je crois que je comprends ce que Tom essaye de dire.
Just keep moving.,Continuez à avancer !
"Are you a doctor, sir?","Êtes-vous médecin, Monsieur ?"
Do you want something to eat?,Veux-tu quelque chose à manger ?
Tom might testify.,Tom pourrait témoigner.
"After the rain, there were puddles on the street.",Après la pluie il y avait des flaques d'eau sur la route.
I live near a dam.,Je vis près d'un barrage.
He never speaks to me.,Il ne me parle jamais.
I would like chicken soup.,Je voudrais une soupe de poulet.
Listen.,Écoutez !
He's interested in Mayan prophecies.,Il s'intéresse aux prophéties mayas.
Do you know what happened?,Sais-tu ce qui est arrivé ?
Fish such as carp and trout live in fresh water.,Les poissons tels que la carpe ou la truite vivent en eau douce.
I refuse to answer.,Je me refuse à répondre.
This is a good movie.,C'est un bon film.
I was there three days.,J'y étais pendant trois jours.
She wanted to spare him embarrassment.,Elle voulait lui éviter l'embarras.
I asked him if he would help me.,Je lui ai demandé s'il m'aiderait.
I gave in to temptation and began to smoke a cigarette.,Je cédais à la tentation et me mis à fumer une cigarette.
I'm breast-feeding my baby.,Je donne le sein à mon bébé.
What should I do if Tom calls?,Que devrais-je faire si Tom appelle ?
No wonder they turned down her offer.,Rien d'étonnant à ce qu'elles aient refusé l'offre qu'elle leur faisait.
He offered ten dollars for our old radio.,Il nous offrit dix dollars en échange de notre vieille radio.
I finished the work in less than an hour.,J'ai terminé ce travail en moins d'une heure.
Do you go running every day?,Tu cours tous les jours ?
Are you Japanese?,Êtes-vous japonais ?
I need a pen.,J'ai besoin d'un stylo.
Do you want me to handle this?,Veux-tu que je traite ça ?
She moved out of her parents' house.,Elle a déménagé de chez ses parents.
Don't commit yourself.,Ne t'engage pas.
That's a tough question to answer.,C'est une question difficile à répondre.
"If I had had enough money, I would have bought that computer.","Si j'avais eu assez d'argent, j'aurais acheté cet ordinateur."
I cannot afford long vacations.,Je ne peux me permettre de longues vacances.
I can't decide what to eat for lunch.,Je n'arrive pas à décider quoi manger pour déjeuner.
I don't want you two talking about me.,Je ne veux pas que vous parliez de moi tous les deux.
We managed to get there on time.,On est parvenu à s'y rendre à temps.
Boys are strange sometimes.,Les garçons sont parfois étranges.
Will the work be finished by tomorrow?,Les travaux seront-ils terminés pour demain ?
I followed your instructions.,J'ai suivi tes instructions.
I have only half as many books as he does.,Je n'ai que moitié moins de livres que lui.
I really need a job.,J'ai vraiment besoin d'un travail.
How much did I lose?,Combien ai-je perdu ?
"He failed in business, and to make matters worse, his wife fell ill.","Son affaire a fait faillite, et pour couronner le tout, sa femme est tombée malade."
This stone is too heavy to lift.,Cette pierre est trop lourde pour être soulevée.
I killed the mosquito.,J'ai tué le moustique.
This is disgusting.,C’est dégoûtant.
I like both science and math.,J'aime autant la science que les maths.
Just be glad you're OK.,Contente-toi juste d'être sain et sauf.
He went in place of me.,Il est allé à ma place.
I'm experiencing some heartburn.,Je ressens des brûlures d'estomac.
Turtles hibernate.,Les tortues hibernent.
I'll guide you.,Je vous guiderai.
"It has suddenly gotten cold, hasn't it?","Le temps est soudainement devenu froid, n'est-ce pas ?"
I bought nine flowers.,J'ai acheté neuf fleurs.
I've only lived in Australia for three years.,J’ai vécu en Australie pendant seulement trois ans.
Have a nice day!,Bonne journée !
He ran so he would get there on time.,Il a couru afin d'y parvenir à temps.
He died suddenly.,Il mourut soudainement.
"The instant he opened the door, he smelt something burning.","Au moment où il ouvrait la porte, il sentit quelque chose brûler."
I just don't understand it.,Je ne le comprends tout simplement pas.
"I didn't understand anything, either.","Moi non plus, je n'ai rien compris."
I can't believe I'm here again.,Je n'arrive pas à croire que je sois de nouveau ici.
Father took his place at the head of the table and began to say grace.,Père pris place au bout de la table et entama le bénédicité.
Butter is made from milk.,Le beurre est fait à partir de lait.
Why don't you want to leave Boston?,Pourquoi ne veux-tu pas quitter Boston?
Does Tom like swimming?,Tom aime-t-il nager ?
I'm impatient.,Je suis impatiente.
I didn't know you could speak French.,J'ignorais que vous saviez parler le français.
You have blood on your hands.,Tu as du sang sur les mains.
We're reliable.,Nous sommes fiables.
How many of us were there?,Combien d'entre-nous étaient-elles là ?
Her father never let her go to town with her friends.,Son père ne la laissait jamais aller en ville avec ses amis.
"In all likelihood, the president will serve a second term.","En toute probabilité, le président exercera un second mandat."
Tell me what Tom said.,Dites-moi ce que Tom a dit.
I wanted to thank you for what you did today.,Je voulais vous remercier pour ce que vous avez fait aujourd'hui.
You're the last hope for humanity.,Vous êtes le dernier espoir de l'humanité.
She couldn't convince him to accept the bribe.,Elle ne put le convaincre d'accepter le pot-de-vin.
His ambition made him work hard.,Son ambition l'a poussé à travailler dur.
Tom found a job as a mechanic.,Tom a trouvé un travail de mécanicien.
This movie is so terrible it's hilarious.,Ce film est tellement nul que c'en est risible.
I just don't want you to get upset.,Je ne veux juste pas que vous soyez contrariée.
I can barely hear you.,J'ai du mal à t'entendre.
Tom is worried about Mary's safety.,Tom s'inquiète pour la sécurité de Mary.
I must help you.,Je dois t'aider.
I'm waiting for the bus.,Je suis en train d'attendre le bus.
I didn't tell him you were coming.,Je ne lui ai pas dit que tu venais.
It seems that the computer was infected by a virus.,On dirait que l’ordinateur a été infecté par un virus.
Keep in mind what I tell you.,Gardez à l'esprit ce que je vous dis.
I was very proud of that.,J'étais très fier de cela.
He holds the rank of colonel.,Il tient le rang de colonel.
"Finally, I have my own car.","Finalement, j'ai ma propre bagnole."
I'm looking for my wallet. Have you seen it?,Je cherche mon portefeuille. L'as-tu vu ?
All of my relatives are taller than me.,Tous mes parents sont plus grands que moi.
Those aren't my sunglasses.,Ce ne sont pas mes lunettes de soleil.
"Who is younger, him or me?","Qui est le plus jeune, lui ou moi ?"
Why won't anybody talk about this?,Pourquoi quiconque refuse-t-il d'en parler ?
I really appreciate your coming.,J'apprécie vraiment votre venue.
What's the big hurry?,Quelle est cette urgence ?
Please don't leave valuable things here.,S'il te plaît ne laisse pas des choses de valeur ici.
I can only tell you what I know.,Je ne peux vous dire que ce que je sais.
They were scolded by the teacher.,Ils furent grondés par l'instituteur.
Fold the paper in the middle.,Pliez la feuille par le milieu.
I've been looking forward to meeting you again.,J'avais hâte de te rencontrer à nouveau.
"No one can help you, Tom.","Personne ne peut t'aider, Tom."
Tom was a blackmailer.,Tom était un maître-chanteur.
This spoon is for soup.,Cette cuillère est pour la soupe.
Tom isn't good at math.,Tom n'est pas bon en maths.
A friend is someone who likes you even though he knows everything about you.,"Un ami est quelqu’un qui vous aime, même s'il sait tout de vous."
I have a lot of work to do today.,"J'ai beaucoup de travail à faire, aujourd'hui."
I can't believe that just worked.,Je n'arrive pas à croire que ça vienne de fonctionner.
What are you up to?,Que préparez-vous ?
I just want you to know how sorry I am.,Je veux juste que vous sachiez combien je suis désolée.
Let's replace all of them.,Remplaçons les tous.
Tom came here to ask us to help him.,Tom est venu ici pour nous demander de l'aider.
You can't stay in here all day.,Tu ne peux pas rester là-dedans toute la journée.
I think Tom is a lot better singer than Mary.,Je pense que Tom est un bien meilleur chanteur que Mary.
I want to keep my room as neat as possible.,Je veux garder ma chambre le plus propre possible.
You're twisting my words.,Tu déformes mes paroles.
"However, I'm not good at speaking English.","Cependant, je ne suis pas doué pour parler anglais."
Tom disagrees with Mary on that matter.,Tom est en désaccord avec Mary sur cette question.
You're crafty.,Tu es rusé.
Her face beamed with joy.,Son visage rayonna de joie.
I've been gone for a long time.,Je suis parti depuis longtemps.
I have another plan.,J'ai un autre plan.
I wondered if I could do such a thing.,Je me demandai si j'étais capable de faire une telle chose.
The soldiers guarded the bridge.,Les soldats gardaient le pont.
My papers were in that box.,Mes papiers étaient dans cette boite.
You look happy.,Vous avez l'air heureuses.
That's the only thing that's important.,C'est la seule chose qui soit importante.
I felt my phone vibrate in my pocket.,Je sentis mon téléphone vibrer dans ma poche.
"He came late, as is often the case with him.","Il est arrivé en retard, comme c'est souvent le cas avec lui."
Is it free?,C'est gratuit ?
Most of them just don't care.,La plupart s'en fiche.
Let's get together tonight.,Sortons ensemble ce soir.
"We all make mistakes, right?","Nous faisons tous deux des erreurs, n'est-ce pas ?"
They did it in front of the staff.,Elles l'ont fait au vu et au su du personnel.
I want to eat this.,Je veux manger ça.
I have to fix the washing machine.,Je dois réparer la machine à laver.
He mentioned it.,Il la mentionna.
I am very surprised that she became a Diet member.,Je suis très surpris qu'elle soit devenue membre de la Diète.
Get out of my sight.,Sors de ma vue !
I can't stand it anymore.,J'en peux plus !
We know all this.,Nous savons tout cela.
He often laughs at his own jokes.,Il rit souvent de ses propres blagues.
Tom wouldn't have done that.,Tom n'aurait pas fait cela.
My parents live outside the city.,Mes parents habitent hors de la ville.
I didn't want you to miss your bus.,Je ne voulais pas que tu manques ton car.
The street was dark.,La rue était sombre.
We can't get out of this.,Nous ne parvenons pas à en sortir.
He had a traffic accident on his way to school.,Il a eu un accident de circulation en allant à l'école.
Quakers believe that all people are equal.,Les quakers pensent que tous les hommes sont égaux.
You are suitable for the job.,Vous convenez au poste.
It's surprising that you haven't heard anything about her wedding.,Il est surprenant que tu n'aies rien entendu au sujet de son mariage.
Who doesn't care about money?,Qui ne se soucie pas de l'argent ?
I'm not hungry now.,Je n'ai pas faim maintenant.
I have one brother and two sisters.,J'ai un frère et deux sœurs.
I'm not in love with you.,Je ne suis pas amoureux de toi.
"I didn't know the city, and what's more, I couldn't speak a word of the language.","Je ne connaissais pas la ville, et qui plus est, je ne savais pas un mot de la langue."
I won.,J’ai gagné.
Tom has decided to say yes.,Tom a décidé de dire oui.
My folks used to tell me stories about that.,Mes parents me racontaient des histoires à ce sujet.
Everybody does that.,Tout le monde fait ça.
Do you have any foreign books?,Avez-vous des livres étrangers ?
What do you think of these shoes?,Que penses-tu de ces chaussures ?
"You're impressed, aren't you?","Tu es impressionné, pas vrai ?"
He has a good record as a businessman.,Il a bonne réputation comme homme d'affaire.
Pray for all of us.,Priez pour nous toutes !
I want to thank you.,Je veux te remercier.
We need to get going.,Il nous faut démarrer.
The man reading a paper over there is my uncle.,L'homme par là-bas qui lit le journal est mon oncle.
Did you really think today was my birthday?,Est-ce que vous pensiez vraiment que c'était mon anniversaire aujourd'hui ?
"You drank a beer at lunch, didn't you?","Tu as bu une bière pendant le déjeuner, n'est-ce pas ?"
Fold up the map.,Repliez la carte.
He is not what he used to be.,Il n'est plus celui qu'il était.
Hippopotamuses love water.,Les hippopotames aiment beaucoup l'eau.
He removed his sunglasses.,Il retira ses lunettes de soleil.
Should I be talking to Tom?,Devrais-je parler à Tom ?
Tom and Mary returned to their seats.,Tom et Mary retournèrent à leurs places.
"I'm not saying this to hurt you, but it's the truth.",Je ne le dis pas pour vous blesser mais c'est la vérité.
I had my money stolen.,On m'a volé mon argent.
I just couldn't help myself.,Je n'ai simplement pas pu m'en empêcher.
She explained to him why she was late for his party.,Elle lui expliqua pourquoi elle était en retard à sa fête.
I opened an account in my daughter's name.,J'ai ouvert un compte au nom de ma fille.
I'm sorry I opened your mail by mistake.,Je suis désolé j'ai ouvert votre courrier par erreur.
Do you know what time that accident happened?,Savez-vous à quelle heure l'accident est survenu?
Let's examine the numbers.,Examinons les nombres.
The man who I thought was my friend deceived me.,L'homme que je pensais être mon ami m'a trompé.
I'll pick you up after school.,Je viendrai vous chercher après l'école.
Tom and I study French together.,Tom et moi étudions le français ensemble.
I'm not used to sleeping in a tent.,Je n'ai pas l’habitude de dormir dans une tente.
About how many English words do you know?,Environ combien de mots anglais connais-tu ?
"After the game, he went straight home to feed his dog.","Après la partie, il se rendit directement chez lui pour nourrir son chien."
Do you like bananas?,Aimes-tu les bananes?
He doesn't show his true feelings.,Il ne montre pas ses véritables sentiments.
Now drink up.,"Videz votre verre, maintenant !"
Who invented the telephone?,Qui inventa le téléphone ?
You need to stop doing that right now.,Vous devez arrêter de faire ça sur-le-champ.
Let's go on a road trip.,Prenons la route !
Malaria is a disease that mosquitoes carry.,La malaria est une maladie que les moustiques transportent.
How is this possible?,Comment est-ce possible ?
Human remains were found during the excavation.,Des restes humains furent trouvés au cours de l'excavation.
He was going to leave the house when she came.,Il allait quitter la maison lorsqu'elle est arrivée.
That's a photo of my sister.,C'est une photographie de ma sœur.
Why did you wait so long to kiss me?,Pourquoi as-tu attendu si longtemps pour m'embrasser ?
You shouldn't trust Tom.,Vous ne devriez pas faire confiance à Tom.
He let me use his typewriter.,Il me laissa utiliser sa machine à écrire.
I can't live without my cat.,Je ne sais pas vivre sans mon chat.
We are going to have an examination in English tomorrow.,Demain nous allons avoir une interrogation en anglais.
You need to be prepared.,Il te faut être préparé.
He was unaware of the danger.,Il était inconscient du danger.
I need to go to work.,Je dois aller au travail.
We need you.,Nous avons besoin de vous.
Can we drop this?,Pouvons-nous laisser tomber ceci ?
I don't think I can do this anymore.,Je ne pense pas arriver à faire encore ça.
You obviously don't have time.,Tu n'as à l'évidence pas le temps.
He acted without thinking.,Il a agi sans réfléchir.
She began doing her homework immediately after dinner.,Elle commença à faire ses devoirs immédiatement après déjeuner.
They want you dead.,Ils vous veulent morte.
We are responsible for your protection from now on.,Nous sommes désormais responsables de votre protection.
I can't tell you how many times I've been there.,Je ne peux pas te dire combien de fois je suis venu ici.
Are you lonely?,Te sens-tu seul ?
I want you to handle it.,Je veux que tu le traites.
The door doesn't lock.,La porte ne se ferme pas.
He will also go.,Il ira aussi.
You seem to be a busy man.,Vous semblez être un homme occupé.
Bring it here.,Apportez-le ici.
I knew it was a trick.,Je savais que c’était un piège.
She beckoned me into the room.,Elle me fit signe de venir dans la pièce.
It is useless to try to remember all the words in the dictionary.,Il est inutile d'essayer de se rappeler de tous les mots du dictionnaire.
He's buying an old hat.,Il achète un vieux chapeau.
Don't feel embarrassed. These things happen.,Ne te sens pas gêné. Ces choses arrivent.
My sister likes painting.,Ma sœur aime peindre.
This sentence has five words.,Cette phrase possède cinq mots.
I prefer traveling by train to flying.,Je préfère voyager en train que de voler.
Did you do your homework by yourself?,Avez-vous fait vos devoirs tout seul ?
I had a premonition that this would happen.,J'ai eu une prémonition que ça arriverait.
"If you're sleepy, you should take a nap.","Si vous avez sommeil, vous devriez faire une sieste."
You're nervous.,Vous êtes nerveuse.
I don't know why you're all so jumpy.,J'ignore pourquoi vous êtes toutes tellement agitées.
Do you want to eat out tonight?,"Veux-tu dîner dehors, ce soir ?"
I find you very attractive.,Je te trouve très attirant.
She can swim further than I can.,Elle peut nager plus loin que moi.
Diplomatic relations have not yet been established between Japan and North Korea.,Les relations diplomatiques entre le Japon et la Corée du Nord ne sont pas encore établies.
I'm not allowed to leave.,On ne m'autorise pas à partir.
I thought you were Tom's legal guardian.,Je pensais que tu étais le tuteur légal de Tom ?
Don't play games with me.,Ne jouez pas avec moi !
This house is haunted.,Cette maison est hantée.
I'll be honest.,Je serai honnête.
Do you have any advice for me?,As-tu quelques conseils pour moi ?
You shouldn't keep them waiting so long.,Tu ne devrais pas les garder à attendre aussi longtemps.
I thought I told you to trim your beard.,Je pensais t'avoir dit de tailler ta barbe.
There is an urgent need for them to update their system.,Il faut absolument qu'ils mettent à jour leur système.
They de-iced the bridge with salt.,Ils ont dé-verglacé le pont avec du sel.
Stay in the car.,Reste dans la voiture !
It is easy for me to answer the question.,C'est facile pour moi de répondre à cette question.
I didn't know who else to call.,Je ne savais pas qui d'autre appeler.
I'd like to speak with you.,J'aimerais te parler.
I know what happened to Tom.,Je sais ce qu'il est arrivé à Tom.
Help me.,Aidez-moi.
It has a flaw.,Ça comporte un défaut.
He agreed to give us an interview.,Il nous a accordé un entretien.
She's better at it than I am.,Elle est meilleure à ça que je ne le suis.
We were busy.,Nous étions occupées.
I'm tired from the long walk.,Je suis fatigué d'avoir beaucoup marché.
Tom had bags under his eyes after several sleepless nights.,Tom avait des cernes sous ses yeux après avoir passé plusieurs nuits blanches.
We sang for her.,Nous avons chanté pour elle.
I give my mother fifty thousand yen on payday every month.,Je donne cinquante mille yens à ma mère chaque mois le jour de ma paye.
Tom speaks French as well as Mary does.,Tom parle français aussi bien que Mary.
I find it hard to talk about myself.,Je trouve difficile de parler de moi.
She told him to rewrite his resume.,Elle lui dit de réécrire son curriculum vitae.
I want to get this done today.,Je veux que ce soit fait aujourd'hui.
Figure up how much it amounts to.,Calculez à combien ça se monte !
This road is too narrow for trucks to pass.,Cette route est trop étroite pour le passage des camions.
Say that you love me.,Dis que tu m'aimes.
Tom was a piano teacher.,Tom était professeur de piano.
I think this project is moving on the right track.,Je pense que ce projet est sur la bonne voie.
I borrow books from the city library.,J'emprunte des livres à la bibliothèque municipale.
My robot's name is Multi.,Le nom de mon robot est Multi.
Tom still doesn't understand.,Tom ne comprend toujours pas.
These objects are very useful.,Ces objets sont très utiles.
He forgot to lock the door.,Il a oublié de verrouiller la porte.
I don't know what to believe.,Je ne sais que croire.
The small boy slowly made some new friends.,Le petit garçon se fit lentement de nouveaux amis.
What's Tom's problem?,Quel est le problème de Tom ?
What do you usually do on Sundays?,Que fais-tu d'habitude le dimanche ?
You must come.,Vous devez venir.
I waited a whole year for that.,J'ai attendu toute une année pour que cela arrive.
He kept silent during the meeting.,Il garda le silence pendant la réunion.
I'm glad you invited me to your party.,Je suis contente que tu m'aies invitée à la fête.
It was only when I met him that I realized his true intention.,Ce fut seulement quand je le rencontrai que je réalisai ses véritables intentions.
Tom was the only one who was nice to me.,Tom était le seul qui était gentil envers moi.
I'll send it to you.,Je te l'enverrai.
It's hard to describe.,C'est difficile à décrire.
The police were able to verify Tom's alibi.,La police a pu vérifier l'alibi de Tom.
The soap hurt my eyes.,Le savon m'a piqué les yeux.
I'm very happy for the both of you.,Je suis très heureuse pour vous deux.
Please do something about it.,"Veuillez faire quelque chose à cela, je vous prie."
I thought we were best friends.,Je pensais que nous étions les meilleurs amis.
The rumor was not based on facts.,La rumeur ne reposait pas sur des faits.
That's really cute.,C'est vraiment mignon.
Cats usually hate dogs.,"En général, les chats détestent les chiens."
"All the essays, other than yours, were good.","Tous les essais, sauf le votre, étaient bons."
This shop is a rental video shop.,Ce magasin est un magasin de location de vidéo.
I asked Tom a favor.,J'ai demandé à Tom une faveur.
I sure am glad you weren't hurt.,Je me réjouis certainement que vous n'ayez pas été blessées.
I live at home with my parents.,Je vis avec mes parents.
Why are you telling me this now?,Pourquoi me dites-vous ceci maintenant ?
I have to deal with this alone.,Je dois gérer ceci tout seul.
It is difficult for foreign students to speak English well.,C'est difficile pour les étudiants étrangers de parler anglais correctement.
The house was burned to the ground.,La maison a été réduite en cendres.
The worst is over.,Le pire est passé.
Look at me and do what I do.,Regarde-moi et fais ce que je fais.
I have just what you need.,J'ai précisément ce qu'il vous faut.
I've said I'm sorry.,J'ai dit que j'étais désolé.
Everybody lies.,Tout le monde ment.
Talking to your plants doesn't help them grow faster.,Parler à vos plantes ne les aide pas à pousser plus vite.
I'm really tired tonight.,Je suis vraiment fatigué ce soir.
He keeps two cats.,Il a deux chats.
That really hurts.,Cela fait vraiment mal.
Was Tom asked to leave?,Est-ce qu'on a demandé à Tom de partir ?
I had no idea this bracelet was stolen.,Je n'avais pas idée que ce bracelet avait été volé.
Did you enjoy the film?,As-tu aimé le film ?
He stole a kiss from her.,Il lui a volé un baiser.
Who did you go there with?,Avec qui y es-tu allé ?
Tom feels better now.,Tom se sent mieux maintenant.
I'm sending you a birthday present by airmail.,Je t'envoie un cadeau d'anniversaire par le courrier aérien.
We're all in this together.,Nous sommes tous sur le même bateau.
He's what they call a walking encyclopedia.,Il est ce qu'on appelle « une encyclopédie sur pattes ».
I eat because I'm hungry.,Je mange parce que j'ai faim.
I have a wife.,J'ai une femme.
It was a mess.,C'était le bordel.
I'm not so good at tennis.,Je ne suis pas tellement bon en tennis.
I'd like you to see this.,J'aimerais que vous voyiez ceci.
"Tom is here, right?","Tom est ici, pas vrai ?"
"According to the thermometer, it's thirty degrees.","Selon le thermomètre, il fait trente degrés."
I love this band.,J'aime ce groupe.
She spent most of her senior year in high school strung out on drugs.,Elle a passé la majeure partie de sa dernière année au lycée accrochée à la drogue.
He tore the photographs into pieces.,Il a fait des photos des confettis.
You're very generous.,Tu es fort généreux.
What time's your flight?,À quelle heure est ton vol ?
It was very cold.,Elle était très froide.
You're so beautiful in that dress.,Vous êtes tellement belle dans cette robe !
I understand the problem.,Je comprends le problème.
Can you tell me what this symbol means?,Pouvez-vous me dire ce que ce symbole signifie ?
I plead ignorance.,Je plaide l'ignorance.
Why would you say that?,Pourquoi voudrais-tu dire cela ?
I forgot about that.,J'ai oublié ça.
What do you think that means?,Que pensez-vous que cela veuille dire ?
"You wanted this, didn't you?","Vous vouliez cela, n'est-ce pas ?"
That's not enough.,Ce n'est pas suffisant.
Don't do that.,Ne fais pas cela.
Can't you just leave me alone?,Ne pouvez-vous pas simplement me laisser tranquille ?
We must always be ready.,Nous devons toujours être prêtes.
I can't tell you how happy I am that you've come to visit us.,Je ne peux pas te dire combien je suis heureux que vous soyez venues nous rendre visite.
Don't worry about it.,Ne te fais pas de souci à ce sujet !
Let me introduce you to my wife.,Laisse-moi te présenter ma femme.
Tom taught me to sing.,Tom m'a appris à chanter.
Don't you ever say that again.,Ne répéte plus jamais ça !
Do you think there's something wrong with me?,Penses-tu que quelque chose n'aille pas avec moi ?
Don't you think it's time you left?,Ne penses-tu pas qu'il soit l'heure que tu partes ?
He promised to marry her.,Il promit de l'épouser.
I did that ages ago.,J'ai fait ça il y a des lustres.
I'm bilingual.,Je suis bilingue.
I just wanted to see what would happen.,Je voulais juste voir ce qui se passerait.
Most Japanese houses are built of wood.,La plupart des maisons japonaises sont faites en bois.
That's not something I want to do.,Ce n'est pas quelque chose que je veuille faire.
I don't want to grow up.,Je ne veux pas grandir.
Did you go straight home after school yesterday?,"Es-tu directement rentrée chez toi hier, après l'école ?"
That's an interesting idea.,C'est une idée intéressante.
I'm a married man now.,Je suis un homme marié maintenant.
I thought you were smart.,Je pensais que tu étais intelligent.
He lost both his parents at an early age.,Il perdit ses deux parents à un jeune âge.
That's the best thing that could happen to me.,C'est la meilleure chose qui pourrait m'arriver.
Where are you going to go?,Où allez-vous vous rendre ?
Carelessness often causes accidents.,L'imprudence cause souvent des accidents.
Are they tall?,Sont-elles grandes ?
This will save you a lot of trouble.,Ceci vous évitera beaucoup de problèmes.
I knew you wouldn't want to do that.,Je savais que tu ne voudrais pas faire ça.
I think what you just did is illegal.,Je pense que ce que tu viens de faire est illégal.
We're not living together.,Nous ne vivons pas ensemble.
I don't know if he will visit us next Sunday.,Je ne sais pas s'il nous rendra visite dimanche prochain.
I let Tom in the house.,J'ai laissé Tom dans la maison.
Power tends to corrupt and absolute power corrupts absolutely.,Le pouvoir tend à corrompre et le pouvoir absolu corrompt absolument.
What was it that he was looking for?,Que cherchait-il ?
I suppose you're hungry.,Je présume que vous avez faim.
She left France for America.,Elle quitta la France pour l'Amérique.
The baby screamed all night.,Le bébé a crié toute la nuit.
I was impressed with her work.,J'ai été impressionné par son travail.
I saw you snickering.,Je vous ai vus pouffer.
I remember reading about it.,Je me rappelle avoir lu à ce propos.
"To a man with a hammer, everything looks like a nail.","Pour un homme avec un marteau, tout ressemble à un clou."
Here's my chance.,Voilà ma chance.
I think you need to see him.,Je pense qu'il est nécessaire que tu le voies.
Don't resist us.,Ne nous résistez pas !
He likes this guitar.,Il aime cette guitare.
Read the label carefully.,Lis attentivement l'étiquette.
Do you understand what's going on?,Comprenez-vous ce qui est en train de se passer ?
I'll be at the hospital.,Je serai à l'hôpital.
What's in the fridge?,Qu'y a-t-il dans le frigo ?
I love jokes.,J'adore les plaisanteries.
I see why you don't want to go there.,Je vois pourquoi vous ne voulez pas y aller.
The guy who hit you is at the front door.,Le type qui t'a frappée est à la porte d'entrée.
That looks like it would be fun to do.,Ça paraît amusant à faire.
I suggest that you proceed very carefully.,Je suggère que tu procèdes très prudemment.
We made quite a team.,Nous formions une sacrée équipe.
The company announced hundreds of layoffs.,L'entreprise annonça des centaines de mises à pied.
Do you live in the city?,Résides-tu en ville ?
Do you want him to know about it?,Voulez-vous qu'il le sache ?
How many more are there?,Combien y en a-t-il de plus ?
The surgery was yesterday.,L'opération a eu lieu hier.
He arrived at midnight.,Il est arrivé à minuit.
The news made her happy.,Cette nouvelle la rendit heureuse.
No one cares about me.,Personne ne se soucie de moi.
"You aren't ready yet, are you?","Vous n'êtes pas encore prêts, n'est-ce pas ?"
I might be back before you leave.,Je serai peut-être rentré avant que tu ne partes.
Do you know who painted this?,Est-ce que tu sais qui a peint ça ?
There are no comments yet.,Il n'y a encore pas de commentaires.
It is neither good nor bad.,Ce n'est ni bon ni mauvais.
I'm happy you two are friends again.,Je suis heureux que toutes deux soyez à nouveau amies.
My grandma has gotten very old.,Ma mamie est devenue très vieille.
You're going to love this book.,Vous allez adorer ce livre.
Take the garbage out.,Sortez les ordures.
"We can continue playing, as long as we don't make too much noise.",Nous pouvons continuer à jouer pour autant que nous ne fassions pas trop de bruit.
He has a son and two daughters.,Il a un fils et deux filles.
She took off her coat.,Elle retira son manteau.
Tom mopped the kitchen floor.,Tom a serpillé le sol de la cuisine.
I can't afford to buy a car.,Je n'ai pas les moyens d'acheter une voiture.
There's going to be a downpour.,Il va dracher.
I will do whatever you ask.,Je ferai tout ce que tu demandes.
I'm not a pacifist.,Je ne suis pas pacifiste.
Bread and milk are good foods.,Le pain et le lait sont de la bonne nourriture.
There was nothing to drink.,Il n'y avait rien à boire.
I think we need to go back to Boston.,Je pense que nous devons retourner à Boston.
Many people were killed in the plane accident.,Beaucoup de gens ont été tués dans l'accident d'avion.
Tom ought to stop smoking.,Tom devrait arrêter de fumer.
Stay still.,Ne bouge pas.
My uncle died of cancer.,Mon oncle est mort d'un cancer.
"That's cheap, isn't it?","C'est bon marché, n'est-ce pas ?"
I see his house.,Je vois sa maison.
They did what they were told.,Ils ont fait ce qu'on leur avait dit.
Don't believe everything that you hear.,Ne croyez pas à tout ce que vous entendez.
Be careful!,Sois prudent !
Is it clean?,Est-ce propre ?
I volunteered.,Je me suis porté volontaire.
We loved you.,Nous vous aimions.
She could always call her parents when she was in a crunch.,"Elle pouvait toujours appeler ses parents, quand elle se trouvait dans une situation critique."
I am afraid I ate something bad.,Je crains d'avoir mangé quelque chose de mauvais.
Tom doesn't really want to go swimming with us.,Tom ne veut pas vraiment aller nager avec nous.
I don't know what that's all about.,J'ignore de quoi tout ceci retourne.
The Queen's crown was made of gold.,La couronne de la Reine était d'or.
I like your car.,J'aime ta voiture.
I got really mad.,Je me suis vraiment mis en colère.
How could you say that?,Comment pourriez-vous dire cela ?
I think it's time for me to buy my daughter a decent computer.,Je pense qu'il est temps que je fasse l'acquisition d'un ordinateur digne de ce nom pour ma fille.
I can't afford this one either.,Je ne peux pas me permettre celle-ci non plus.
He went out of his way to find the house for me.,Il s'est démené pour me trouver la maison.
That never should've happened.,Cela n'aurait jamais dû se passer.
We overslept.,Nous n'entendîmes pas le réveil.
I'll take you anywhere you want to go.,Je t'amènerai partout où tu veux aller.
He has a sweet voice.,Il a la voix douce.
I had second thoughts.,J'ai reconsidéré la question.
I will look it up in the dictionary.,Je le chercherai dans le dictionnaire.
He wanted it to be a surprise.,Il voulut que ce fut une surprise.
Mary looks like her mother.,Mary ressemble à sa mère.
You shouldn't be drinking on an empty stomach.,Tu ne devrais pas boire avec l'estomac vide.
He took over the business from his father.,Il a repris l'entreprise de son père.
Don't give in to peer pressure.,Ne cède pas à la pression des pairs.
I think they're lying.,Je pense qu'ils mentent.
Do you think Tom knows what happened?,Pensez-vous que Tom sait ce qu'il s'est passé ?
Are you from around here?,Es-tu des environs ?
We'll pick Tom up on the way.,Nous allons récupérer Tom en chemin.
I realized what was happening.,J'ai pris conscience de ce qui se passait.
Maybe it was just a coincidence.,Peut-être n'était-ce qu'une coïncidence.
I will accompany you.,Je t'accompagnerai.
I know the subject well.,Je connais bien le sujet.
There's no danger now.,Il n'y a plus de danger maintenant.
Do you have any idea who wrote this book?,As-tu la moindre idée de qui a écrit ce livre ?
Do you know how to use this?,Sais-tu comment utiliser ça ?
"Although I was sick, I did my best.","Même si j'étais malade, j'ai fait de mon mieux."
Tom told Mary that he didn't like her sense of humor.,Tom a dit à Marie qu'il n'aimait pas son sens de l'humour.
I feel the same way as you do.,J'éprouve la même chose que toi.
I think that she knows the truth.,Je pense qu'elle connaît la vérité.
You might be correct.,Il se pourrait que vous ayez raison.
This is way better.,C'est bien mieux.
This is getting weirder.,Ça devient de plus en plus étrange.
Do it again!,Refais-le !
Write in the date yourself.,Écrivez vous-même la date dessus.
I'm sure this is a misunderstanding.,Je suis certain que c'est un malentendu.
He let me go.,Il m'a laissé m'en aller.
Tom doesn't seem to be as particular as Mary seems to be.,Tom ne semble pas aussi particulier que Mary.
I let my friend copy my homework.,Je permets à ma copine de copier mes devoirs.
He's a nerd.,C'est un binoclard.
She lives two doors down.,Elle vit à deux portes en descendant.
Would you please turn on the TV?,Peux-tu me faire le plaisir d'allumer la télé ?
Can you give me a ride to the office on Wednesday?,Tu pourras me poser au bureau mercredi ?
You're good for nothing.,Tu es un bon à rien.
You must quit drinking.,Tu dois arrêter de boire.
You will need an armed escort.,Vous aurez besoin d'une escorte armée.
"You were hurt, weren't you?","Tu étais blessée, n'est-ce pas ?"
I didn't get the joke.,Je n'ai pas compris la blague.
Walk this way.,Par ici !
You were in danger.,Vous étiez en danger.
The chest contained gold coins.,Le coffre contenait des pièces d'or.
He was too shy to do that.,Il était trop timide pour faire ça.
I wasn't in love.,Je n'étais pas amoureux.
Take one of these.,Prends l'un de ceux-là !
Let's hope Tom doesn't do that.,Espérons que Tom ne fait pas ça.
I hope Tom is objective.,J'espère que Tom est objectif.
Tom has a difficult job.,Tom a un job compliqué.
We cannot rule out the possibility that civil war will break out in that country.,Nous ne pouvons pas écarter la possibilité qu'une guerre civile éclate dans ce pays.
What are you good at?,À quoi êtes-vous bons ?
I'll be back within two hours.,Je serai de retour dans deux heures.
Tom put the plate of sandwiches on the table in front of Mary.,Tom posa l'assiette de sandwiches sur la table devant Mary.
Are you sure you don't know Tom?,Es-tu sûr de ne pas connaître Tom ?
They found it.,Ils l'ont trouvé.
There's no mistake about it.,Il n'y pas de problème avec ça.
He shook his son by the shoulder.,Il a secoué son fils par les épaules.
I've had a busy week.,J'ai eu une semaine chargée.
My brother is out of work.,Mon frère est sans emploi.
"Hey, where did you two come from?","Eh, d'où êtes-vous venues, toutes les deux ?"
The meeting begins at three.,La conférence commence à trois heures.
She wrote me a long letter.,Elle m'a écrit une longue lettre.
I got caught in a rainstorm.,J'ai été pris dans une tempête de pluie.
Your request is denied.,Ta demande est refusée.
You can do it any way you like.,Tu peux le faire comme bon te semble.
I never want to see that guy again.,Je ne veux jamais revoir ce type.
Tom died in Mary's arms.,Tom est mort dans les bras de Mary.
The medicine didn't do me any good.,Ce médicament ne m'a été d'aucun secours.
Don't turn off the light.,N'éteins pas la lumière.
I'll go with you.,J'irai avec toi.
Are you a paleontologist?,Êtes-vous paléontologue ?
You are twice as strong as I am.,Vous êtes deux fois plus forte que moi.
They're small.,Ils sont petits.
He's out of position.,Il n'est pas à sa place.
I hope you're well rested.,J'espère que vous êtes bien reposé.
He studies contemporary literature.,Il étudie la littérature contemporaine.
Somebody has stolen my suitcase.,Quelqu'un a volé ma valise.
You must have women throwing themselves at you all the time.,Vous devez avoir des femmes qui se pendent à votre cou tout le temps.
I've decided to buy the blue car.,J'ai décidé d'acheter la voiture bleue.
I'm going to play tennis this evening.,Je vais jouer au tennis ce soir.
I'm busy on Monday.,Je suis occupé lundi.
Arabic is read from right to left.,L'arabe se lit de droite à gauche.
"Compared with yours, my car is small.","Comparée à ta voiture, la mienne est petite."
That'll be enough.,Ça sera suffisant.
Tom likes to climb the trees.,Tom aime grimper aux arbres.
I just took a shower.,Je viens de prendre une douche.
I really can't make any promises.,Je ne peux vraiment pas faire de quelconques promesses.
Their patience was about to give out.,Ils étaient sur le point de perdre patience.
How old is the oldest one?,Quel âge a l'aîné ?
You don't have to talk about it if you don't want to.,Vous n'êtes pas obligées d'en parler si vous ne voulez pas.
I didn't understand much of what they were talking about.,Je n'ai pas compris grand-chose à ce qu'ils étaient en train de discuter.
They talked about culture.,Ils parlèrent de culture.
You seem to be a busy man.,Tu sembles être un homme occupé.
I want to learn karate.,Je veux apprendre le karaté.
Did you tell your sister to ask me out?,As-tu dit à ta sœur de m'inviter ?
You have to stop worrying.,Tu dois arrêter de t'inquiéter.
Are you going to be OK?,Est-ce que ça va aller ?
I hope you'll agree.,J'espère que vous serez d'accord.
There are almost no books.,Il n'y a quasiment aucun livre.
This is the strangest thing I've ever done.,C'est la chose la plus étrange que j'ai jamais faite.
They sat in a circle.,Ils s'assirent en cercle.
What do you do when you're not at work?,Que faites-vous quand vous n'êtes pas au travail ?
Who's going to pay for that?,Qui va payer pour ça ?
We're done here.,"Nous en avons fini, ici."
I want to look like her.,Je veux paraître comme elle.
Do you really wanna talk about this now?,Voulez-vous vraiment parler de ceci maintenant ?
Be very careful.,Sois très prudente !
I will always be with you.,Je serai toujours avec vous.
Tom looks really relieved.,Tom semble vraiment soulagé.
Please wait for five minutes.,Veuillez attendre pendant cinq minutes.
Tom showed me Mary's picture.,Tom m'a montré la photo de Mary.
Why are you so tired?,Pourquoi êtes-vous si fatigués ?
The elevators in this building are often out of order.,Les ascenseurs de cet immeuble sont souvent en panne.
He will come tomorrow.,Il viendra demain.
The combination of these factors has led to an interesting result.,La combinaison de ces facteurs a conduit à un résultat intéressant.
I was still eating when the doorbell rang.,J'étais encore en train de manger lorsque la sonnette retentit.
I'm undressing.,Je me dévêts.
I'm sorry I yelled at you.,Je suis désolé de t'avoir hurlé dessus.
Can't you speak French?,Ne parlez-vous pas français ?
Tom is rather optimistic.,Tom est plutôt optimiste.
My sister is married.,Ma sœur est mariée.
Did you call me up last night?,Tu m'as appelé hier soir ?
I don't suppose anything will happen.,Je ne suppose pas que quelque chose aura lieu.
Are you up to the task?,Êtes-vous à la hauteur de la tâche ?
The train is made up of fifteen cars.,Le train se compose de quinze wagons.
I need a minute.,Il me faut une minute.
They waved flags to welcome the princess.,Elles agitèrent des drapeaux pour souhaiter la bienvenue à la princesse.
This ticket is valid for three days.,Ce ticket est valable trois jours.
Your birthday is coming soon.,Votre anniversaire arrive bientôt.
I'm sick of being sick.,J'en ai marre d'être malade.
I eat here every day.,Je mange ici tous les jours.
I know Tom is troubled.,Je sais que Tom est en détresse.
I'll do everything that I can.,Je ferai tout ce que je peux.
I've asked you not to do that.,Je vous ai demandé de ne pas faire cela.
You know I'm wrong.,Vous savez que j'ai tort.
Have you read Tom's book?,As-tu lu le livre de Tom ?
Look who's there.,Regarde qui est là.
I'm shocked.,Je suis choquée.
I'm not your son.,Je ne suis pas ton fils.
I strongly advise you to take this medicine right away.,Je vous conseille vivement de prendre ce médicament sans tarder.
I thought you were smart.,Je pensais que tu étais intelligente.
We're going to have to make some very tough choices.,Nous allons devoir faire des choix très difficiles.
How long has it been since you received a letter from him?,Combien de temps s'est-il écoulé depuis que tu as reçu une lettre de lui ?
You didn't have to do it.,Vous n'étiez pas obligée de le faire.
Take it easy!,Détendez-vous !
Did you enjoy the party yesterday?,T'es-tu amusée hier à la fête ?
He came to see me during my absence.,Il est venu me voir pendant mon absence.
I saw a stranger enter that house.,Je vis un étranger pénétrer dans cette maison.
Can you still remember when we first met?,Pouvez-vous encore vous souvenir de quand nous nous sommes rencontrées la première fois ?
"You don't know where it is, do you?","Tu ne sais pas où elle est, n'est-ce pas ?"
Do you believe in love at first sight?,Crois-tu au coup de foudre ?
I want to emphasize this point in particular.,Je veux insister sur ce point en particulier.
No one understands you.,Personne ne te comprend.
They are negotiating to reach a satisfactory compromise.,Elles sont en train de négocier pour arriver à un compromis satisfaisant.
The noise outside his window prevented him from sleeping.,Le bruit à l'extérieur l'a empêché de dormir.
He came into the room.,Il entra dans la chambre.
Let me congratulate you on your victory in the tournament.,Laissez-moi vous féliciter pour votre victoire dans ce tournoi.
He ran into debt.,Il s'est endetté.
Tom doesn't eat beef.,Tom ne mange pas de bœuf.
We have to stop.,Nous devons nous arrêter.
People like to talk.,Les gens aiment parler.
Ostriches are not known for having a good sense of humor.,Les autruches ne sont pas réputées pour leur bon sens de l'humour.
We had a spell of fine weather last autumn.,Nous avons eu de beaux jours l'automne dernier.
Where can I find toothpaste?,Où puis-je trouver du dentifrice ?
I'm sorry to upset your plans.,Je suis désolé de décevoir vos plans.
How are we going to get inside?,Comment allons-nous entrer ?
You should really lay off that. It'll ruin your health.,Tu devrais vraiment laisser tomber ça. Ça va ruiner ta santé.
A burnt child dreads the fire.,Chat échaudé craint l'eau froide.
He will advise you on that matter.,Il vous conseillera en cette affaire.
He is a very imaginative writer.,C'est un écrivain plein d'imagination.
Why must I suffer?,Pourquoi dois-je souffrir ?
It was a national scandal.,Ça a été un scandale national.
We discussed the problem far into the night.,Nous avons débattu de ce problème jusque tard dans la nuit.
Smoking harms your health.,Fumer détériore votre santé.
"Turn off the radio, please.",Éteins la radio s'il te plait.
He showed his disapproval by raising an eyebrow.,Il montra sa désapprobation en levant un sourcil.
You can come to visit us anytime you want.,Vous pouvez venir nous rendre visite à tout moment.
Don't make me use this gun.,Ne m'oblige pas à utiliser ce pistolet.
I feel kind of nauseous.,Je suis comme pris de nausée.
My mother died during my absence.,Ma mère est morte durant mon absence.
Suddenly it began to rain.,"Tout à coup, il se mit à pleuvoir."
Please pass me the jam.,Passez-moi la confiture.
I can't believe it's really you.,Je n'arrive pas à croire que ce soit vraiment vous.
Where did you learn to shoot?,Où avez-vous appris à tirer ?
Do you live near here?,Vivez-vous dans les environs ?
Tom waited for me.,Tom m'attendit.
There is nothing the matter with the motor.,Il n'y a pas de souci avec le moteur.
I don't require assistance.,Je ne requiers pas d'assistance.
I'll take care of you.,Je prendrai soin de toi.
She wrote to him to tell him that she couldn't come to visit next summer.,Elle lui a écrit pour lui annoncer qu'elle ne pourrait pas venir en visite l'été prochain.
She told him that she didn't love him.,Elle lui a annoncé qu'elle ne l'aimait pas.
"Which do you like better, meat or fish?","Entre la viande et le poisson, lequel préférez-vous ?"
How many letters does the Russian alphabet have?,Combien de lettres figurent dans l'alphabet russe ?
I saw a cottage in the distance.,Je vis un chalet au loin.
Maybe Tom can do it.,Peut-être que Tom peut le faire.
Please eat some cake.,"S'il te plaît, mange un peu de gâteau !"
He's attracted to black women.,Il est attiré par les femmes noires.
There's nothing for you here.,Il n'y a rien pour vous ici.
"When your stomach is busy, digesting a big meal your brain takes a vacation.","Lorsque votre estomac est occupé à digérer un lourd repas, votre cerveau est en vacances."
Everyone is waiting on you.,Tout le monde vous attend.
I hope Tom's predictions are wrong.,J'espère que les prédictions de Tom sont fausses.
Tom looked for his glasses.,Tom a cherché ses lunettes.
Is it helping?,Est-ce que ça aide ?
How do I get reimbursed?,Comment puis-je me faire rembourser ?
She never dreamed she'd meet him overseas.,Elle n'a jamais rêvé qu'elle le rencontrerait à l'étranger.
He might retaliate.,Il pourrait riposter.
I only stole a few coins.,J'ai seulement volé quelques pièces.
Why do I have to do this alone?,Pourquoi dois-je le faire seule ?
Tom poured himself a drink.,Tom se servit à boire.
No extremely fat man has ever attempted such a thing.,Aucun homme extrêmement gros n'a jamais tenté une telle chose.
We have another decision to make.,Nous avons une autre décision à prendre.
I often perform in nightclubs.,Je me produis souvent dans les boites de nuit.
What are you celebrating?,Qu'est-ce que tu fêtes ?
Some parts of this city are very ugly.,Certaines parties de cette ville sont vraiment très moches.
I don't think I can make it to your party.,Je ne pense pas que je puisse assister à ta fête.
You can't wear that.,Tu ne peux pas porter ça.
I don't know if this is true.,Je ne sais pas si ceci est vrai.
Don't you have a sense of justice?,N'avez-vous donc pas le sens de l'équité ?
She stood by him.,Elle se tenait à côté de lui.
You seem to be having fun.,Vous semblez vous amuser.
I really enjoy spending time with you.,J'ai vraiment plaisir à passer du temps avec toi.
I dislike her unfriendly attitude.,Je n'apprécie guère son comportement hostile.
Why are you leaving so soon?,Pourquoi pars-tu si tôt ?
I don't know whether it is true or not.,Je ne sais pas si c'est vrai ou non.
"Tom's a beginner, but he catches on fast.","Tom est débutant, mais il apprend vite."
He asked for some money.,Il demanda un peu d'argent.
We hurried to the airport only to miss the plane.,Nous nous précipitâmes à l'aéroport pour finalement manquer l'avion.
I'm looking for a gift for my wife.,Je cherche un cadeau à l'intention de ma femme.
I'll call you in a couple of days.,Je vous appellerai dans deux jours.
Thank you for helping me out.,Merci de m'aider.
She is getting breakfast ready.,Elle est en train de préparer le petit-déjeuner.
"If you are to realize your dream, you must work harder.","Si tu comptes réaliser ton rêve, tu dois travailler davantage."
I'm looking forward to seeing you in a wedding dress.,Je suis impatient de vous voir en robe de mariée.
My uncle is an amateur cricket player.,Mon oncle est un joueur de cricket amateur.
That reminds me of something I heard yesterday.,Cela me rappelle quelque chose que j'ai entendu hier.
Recently we have had several disasters.,Nous avons récemment connu plusieurs désastres.
Tom is very interested in jazz.,Tom est très intéressé par le jazz.
"For three weeks, he ate nothing at all.","Durant trois semaines, il ne mangea rien du tout."
I don't want you touching my stuff.,Je ne veux pas que tu touches à mes trucs.
What does this have to do with us?,Qu'est-ce que ceci a à voir avec nous ?
I told you I have a girlfriend.,Je t'ai dit que j'ai une petite amie.
The storm became even more violent.,La tempête devint encore plus violente.
Don't hang up!,Ne raccroche pas !
He's watching me.,Il m'observe.
It's about time you stopped watching television.,Il est temps d'arrêter de regarder la télévision.
This is the fastest car in our showroom.,C'est la bagnole la plus rapide de notre hall d'exposition.
I don't have my purse.,Je n'ai pas mon sac-à-main.
You have to be careful.,Il faut que tu sois prudent.
Do you see that house? That's my house.,Vois-tu cette maison ? C'est ma maison.
All of us stared at her.,Nous la fixions tous.
I think we need to have a talk.,Je pense qu'il faut qu'on parle.
We all want to be desired.,Nous voulons tous être désirés.
I really like this wine a lot.,J'aime beaucoup ce vin.
He stood aside for her to enter.,Il se mit sur le côté pour qu'elle entre.
You've got the wrong person.,Vous avez serré la mauvaise personne.
Going out drinking with the guys makes him feel macho.,Sortir boire avec ses copains la fait se sentir un mec.
The kids are scared.,Les enfants ont peur.
We are busy men.,Nous sommes des hommes occupés.
We're moving out of this apartment next month.,Nous déménageons de cet appartement le mois prochain.
The battery needs to be recharged.,La batterie a besoin d'être rechargée.
Get your gear.,Va chercher tes affaires !
"The problem is not what he said, but how he said it.","Le problème ne réside pas dans ce qu'il a dit, mais dans la manière dont il l'a dit."
"She was a child, but she was brave.","C'était une enfant, mais elle était courageuse."
We work with what we have.,Nous travaillons avec ce que nous avons.
"Could you do this instead of me? ""Sorry, I'm too busy.""","« Pourrais-tu le faire à ma place ? » « Désolé, je suis trop occupé. »"
Which browser are you using?,Quel navigateur utilises-tu ?
We just have to get out of here.,Il nous suffit de sortir d'ici.
I really need to talk to you.,J'ai vraiment besoin de te parler.
"For the first time in more than 6 years, the unemployment rate is below 6%.","Pour la première fois en plus de six ans, le taux de chômage est inférieur à six pourcents."
There's some leftover food in the fridge.,Il y a quelques restes dans le frigo.
I will never forget the day when I first met him.,Je n'oublierai jamais le jour où je l'ai rencontré pour la première fois.
I'd be delighted if they asked me to give a speech.,Je serais ravie si elles me demandaient de prononcer un discours.
You were so strong.,Vous étiez si fortes.
I am looking for room with twin beds.,Je suis à la recherche d'une chambre avec des lits jumeaux.
I'm not old enough to do that.,Je ne suis pas assez vieille pour faire ça.
Our music teacher advised me to visit Vienna.,Notre professeur de musique me conseilla de visiter Vienne.
Are we going for a walk?,Allons-nous faire une promenade ?
What I can do for you?,Qu'est-ce que je peux faire pour toi ?
Don't lie to me.,Ne me mens pas.
"Can you speak a little louder, please?","Pouvez-vous parler un peu plus fort, s'il vous plaît ?"
He explored the region around the South Pole.,Il a exploré la région aux alentours du pôle Sud.
